{
  "Abu Dhabi": {"he": "אבו דאבי", "country": "United Arab Emirates", "country_he": "איחוד האמירויות"},
  "Addis Ababa": {"he": "אדיס אבבה", "country": "Ethiopia", "country_he": "אתיופיה"},
  "Amsterdam": {"he": "אמסטרדם", "country": "Netherlands", "country_he": "הולנד"},
  "Athens": {"he": "אתונה", "country": "Greece", "country_he": "יוון"},
  "Auckland": {"he": "אוקלנד", "country": "New Zealand", "country_he": "ניו זילנד"},
  "Baku": {"he": "באקו", "country": "Azerbaijan", "country_he": "אזרבייג׳ן"},
  "Bangkok": {"he": "בנגקוק", "country": "Thailand", "country_he": "תאילנד"},
  "Barcelona": {"he": "ברצלונה", "country": "Spain", "country_he": "ספרד"},
  "Batumi": {"he": "בטומי", "country": "Georgia", "country_he": "גאורגיה"},
  "Beijing": {"he": "בייג'ין", "country": "China", "country_he": "סין"},
  "Belgrade": {"he": "בלגרד", "country": "Serbia", "country_he": "סרביה"},
  "Berlin": {"he": "ברלין", "country": "Germany", "country_he": "גרמניה"},
  "Tenerife": {"he": "טנריף","country": "Spain","country_he": "ספרד"},
  "Bogota": {"he": "בוגוטה", "country": "Colombia", "country_he": "קולומביה"},
  "Boston": {"he": "בוסטון", "country": "United States", "country_he": "ארצות הברית"},
  "Brussels": {"he": "בריסל", "country": "Belgium", "country_he": "בלגיה"},
  "Bucharest": {"he": "בוקרשט", "country": "Romania", "country_he": "רומניה"},
  "Budapest": {"he": "בודפשט", "country": "Hungary", "country_he": "הונגריה"},
  "Buenos Aires": {"he": "בואנוס איירס", "country": "Argentina", "country_he": "ארגנטינה"},
  "Cairo": {"he": "קהיר", "country": "Egypt", "country_he": "מצרים"},
  "Cape Town": {"he": "קייפטאון", "country": "South Africa", "country_he": "דרום אפריקה"},  
  "Chicago": {"he": "שיקגו", "country": "United States", "country_he": "ארצות הברית"},
  "Chisinau": {"he": "קישינב", "country": "Moldova", "country_he": "מולדובה"},
  "Cluj": {"he": "קלוז׳", "country": "Romania", "country_he": "רומניה"},  
  "Delhi": {"he": "דלהי", "country": "India", "country_he": "הודו"},
  "Doha": {"he": "דוחה", "country": "Qatar", "country_he": "קטאר"},
  "Dubai": {"he": "דובאי", "country": "United Arab Emirates", "country_he": "איחוד האמירויות"},
  "Dublin": {"he": "דבלין", "country": "Ireland", "country_he": "אירלנד"},
  "Dusseldorf": {"he": "דיסלדורף", "country": "Germany", "country_he": "גרמניה"},
  "Fort Lauderdale": {"he": "פורט לודרדייל", "country": "United States", "country_he": "ארצות הברית"},
  "Frankfurt": {"he": "פרנקפורט", "country": "Germany", "country_he": "גרמניה"},
  "Hamburg": {"he": "המבורג", "country": "Germany", "country_he": "גרמניה"},
  "Helsinki": {"he": "הלסינקי", "country": "Finland", "country_he": "פינלנד"},
  "Hong Kong": {"he": "הונג קונג", "country": "China", "country_he": "סין"},
  "Iasi": {"he": "יאשי", "country": "Romania", "country_he": "רומניה"},
  "Istanbul": {"he": "איסטנבול", "country": "Turkey", "country_he": "טורקיה"},
  "Jakarta": {"he": "ג׳קרטה", "country": "Indonesia", "country_he": "אינדונזיה"},
  "Johannesburg": {"he": "יוהנסבורג", "country": "South Africa", "country_he": "דרום אפריקה"},
  "Katowice": {"he": "קטוביץ", "country": "Poland", "country_he": "פולין"},
  "Krakow": {"he": "קרקוב", "country": "Poland", "country_he": "פולין"},
  "Kuala Lumpur": {"he": "קואלה לומפור", "country": "Malaysia", "country_he": "מלזיה"},
  "Larnaca": {"he": "לרנקה", "country": "Cyprus", "country_he": "קפריסין"},
  "Lisbon": {"he": "ליסבון", "country": "Portugal", "country_he": "פורטוגל"},
  "London": {"he": "לונדון", "country": "England", "country_he": "אנגליה"},
  "London Luton": {"he": "לונדון", "country": "England", "country_he": "אנגליה"},
  "Los Angeles": {"he": "לוס אנג'לס","country": "United States","country_he": "ארצות הברית"},
  "Lyon": {"he": "ליון", "country": "France", "country_he": "צרפת"},
  "Madrid": {"he": "מדריד", "country": "Spain", "country_he": "ספרד"},  
  "Malta": {"he": "מלטה", "country": "Malta", "country_he": "מלטה"},  
  "Marseille": {"he": "מרסיי", "country": "France", "country_he": "צרפת"},
  "Melbourne": {"he": "מלבורן", "country": "Australia", "country_he": "אוסטרליה"},
  "Mexico City": {"he": "מקסיקו סיטי", "country": "Mexico", "country_he": "מקסיקו"},
  "Miami": {"he": "מיאמי", "country": "United States", "country_he": "ארצות הברית"},
  "Milan": {"he": "מילאנו", "country": "Italy", "country_he": "איטליה"},
  "Mineralnye Vody": {"he": "מינרלנייה וודי", "country": "Russian Federation", "country_he": "רוסיה"},
  "Montreal": {"he": "מונטריאול", "country": "Canada", "country_he": "קנדה"},
  "Moscow": {"he": "מוסקבה", "country": "Russian Federation", "country_he": "רוסיה"},
  "Mumbai": {"he": "מומבאי", "country": "India", "country_he": "הודו"},
  "Munich": {"he": "מינכן", "country": "Germany", "country_he": "גרמניה"},
  "Naples": {"he": "נאפולי", "country": "Italy", "country_he": "איטליה"},
  "New York": {"he": "ניו יורק", "country": "United States", "country_he": "ארצות הברית"},
  "Newark": {"he": "ניוארק", "country": "United States", "country_he": "ארצות הברית"},
  "Osaka": {"he": "אוסקה", "country": "Japan", "country_he": "יפן"},
  "Oslo": {"he": "אוסלו", "country": "Norway", "country_he": "נורווגיה"},
  "Paphos": {"he": "פאפוס", "country": "Cyprus", "country_he": "קפריסין"},
  "Paris": {"he": "פריז", "country": "France", "country_he": "צרפת"},
  "Phuket": {"he": "פוקט", "country": "Thailand", "country_he": "תאילנד"},
  "Prague": {"he": "פראג", "country": "Czech Republic", "country_he": "צ׳כיה"},  
  "Ramon": {"he": "רמון", "country": "Israel", "country_he": "ישראל"},
  "Riga": {"he": "ריגה", "country": "Latvia", "country_he": "לטביה"},
  "Rio De Janeiro": {"he": "ריו דה ז׳ניירו", "country": "Brazil", "country_he": "ברזיל"},
  "Rome": {"he": "רומא", "country": "Italy", "country_he": "איטליה"},
  "Samarkand": {"he": "סמרקנד", "country": "Uzbekistan", "country_he": "אוזבקיסטן"},
  "Sao Paulo": {"he": "סאו פאולו", "country": "Brazil", "country_he": "ברזיל"},  
  "Shanghai": {"he": "שנחאי", "country": "China", "country_he": "סין"},
  "Shenzhen": {"he": "שנזן", "country": "China", "country_he": "סין"},
  "Singapore": {"he": "סינגפור", "country": "Singapore", "country_he": "סינגפור"},
  "Sochi": {"he": "סוצ׳י", "country": "Russian Federation", "country_he": "רוסיה"},
  "Sofia": {"he": "סופיה", "country": "Bulgaria", "country_he": "בולגריה"},  
  "Stockholm": {"he": "שטוקהולם", "country": "Sweden", "country_he": "שוודיה"},
  "Sydney": {"he": "סידני", "country": "Australia", "country_he": "אוסטרליה"},
  "Tashkent": {"he": "טשקנט", "country": "Uzbekistan", "country_he": "אוזבקיסטן"},
  "Tbilisi": {"he": "טביליסי", "country": "Georgia", "country_he": "גאורגיה"},
  "Thessaloniki": {"he": "סלוניקי", "country": "Greece", "country_he": "יוון"},
  "Tirana": {"he": "טירנה", "country": "Albania", "country_he": "אלבניה"},
  "Tivat": {"he": "טיווט", "country": "Montenegro", "country_he": "מונטנגרו"},
  "Tokyo": {"he": "טוקיו", "country": "Japan", "country_he": "יפן"},
  "Toronto": {"he": "טורונטו", "country": "Canada", "country_he": "קנדה"},
  "Varna": {"he": "וארנה", "country": "Bulgaria", "country_he": "בולגריה"},
  "Venice": {"he": "ונציה", "country": "Italy", "country_he": "איטליה"},
  "Vienna": {"he": "וינה", "country": "Austria", "country_he": "אוסטריה"},
  "Vilnius": {"he": "וילנה", "country": "Lithuania", "country_he": "ליטא"},
  "Warsaw": {"he": "ורשה", "country": "Poland", "country_he": "פולין"},
  "Washington": {"he": "וושינגטון", "country": "United States", "country_he": "ארצות הברית"},
  "Washington, D.C.": {"he": "וושינגטון די.סי.","country": "United States","country_he": "ארצות הברית"},
  "Wellington": {"he": "ולינגטון", "country": "New Zealand", "country_he": "ניו זילנד"},
  "Yerevan": {"he": "ירוואן", "country": "Armenia", "country_he": "ארמניה"},
  "Zanzibar": {"he": "זנזיבר", "country": "Tanzania", "country_he": "טנזניה"},
  "Zurich": {"he": "ציריך", "country": "Switzerland", "country_he": "שווייץ"},
  "Bologna": {"he": "בולוניה","country": "Italy","country_he": "איטליה"},
  "Heraklion": {"he": "הרקליון", "country": "Greece", "country_he": "יוון"},
  "Chania": {"he": "חאניה", "country": "Greece", "country_he": "יוון"},
  "Kalamata": {"he": "קלמטה", "country": "Greece", "country_he": "יוון"},
  "Preveza": {"he": "פרבזה", "country": "Greece", "country_he": "יוון"},
  "Corfu": {"he": "קורפו", "country": "Greece", "country_he": "יוון"},
  "Kos": {"he": "קוס", "country": "Greece", "country_he": "יוון"},
  "Samos": {"he": "סמוס", "country": "Greece", "country_he": "יוון"},
  "Kefalonia": {"he": "קפלוניה", "country": "Greece", "country_he": "יוון"},
  "Zakynthos": {"he": "זאקינתוס", "country": "Greece", "country_he": "יוון"},
  "Nicosia": {"he": "ניקוסיה", "country": "Cyprus", "country_he": "קפריסין"},
  "Pisa": {"he": "פיזה", "country": "Italy", "country_he": "איטליה"},
  "Turin": {"he": "טורינו", "country": "Italy", "country_he": "איטליה"},
  "Florence": {"he": "פלורנציה", "country": "Italy", "country_he": "איטליה"},
  "Alicante": {"he": "אליקנטה", "country": "Spain", "country_he": "ספרד"},
  "Malaga": {"he": "מלגה", "country": "Spain", "country_he": "ספרד"},
  "Nantes": {"he": "ננט", "country": "France", "country_he": "צרפת"},
  "Bordeaux": {"he": "בורדו", "country": "France", "country_he": "צרפת"},
  "Hannover": {"he": "האנובר", "country": "Germany", "country_he": "גרמניה"},  
  "Antalya": {"he": "אנטליה", "country": "Turkey", "country_he": "טורקיה"},
  "Izmir": {"he": "איזמיר", "country": "Turkey", "country_he": "טורקיה"},
  "Madeira": {"he": "מדיירה", "country": "Portugal", "country_he": "פורטוגל"},  
  "Sarajevo": {"he": "סרייבו", "country": "Bosnia and Herzegovina", "country_he": "בוסניה והרצגובינה"},
  "Verona": {"he": "ורונה", "country": "Italy", "country_he": "איטליה"},
  "Bari": {"he": "בארי", "country": "Italy", "country_he": "איטליה"},
  "Palermo": {"he": "פאלרמו", "country": "Italy", "country_he": "איטליה"},
  "Valencia": {"he": "ולנסיה", "country": "Spain", "country_he": "ספרד"},
  "Nice": {"he": "ניס", "country": "France", "country_he": "צרפת"},
  "Cologne": {"he": "קלן", "country": "Germany", "country_he": "גרמניה"},
  "Leipzig": {"he": "לייפציג", "country": "Germany", "country_he": "גרמניה"},  
  "Eindhoven": {"he": "איינדהובן", "country": "Netherlands", "country_he": "הולנד"},
  "Geneva": {"he": "ז'נבה", "country": "Switzerland", "country_he": "שווייץ"},
  "Salzburg": {"he": "זלצבורג", "country": "Austria", "country_he": "אוסטריה"},
  "Antwerp": {"he": "אנטוורפן", "country": "Belgium", "country_he": "בלגיה"},
  "Porto": {"he": "פורטו", "country": "Portugal", "country_he": "פורטוגל"},
  "Gdansk": {"he": "גדנסק", "country": "Poland", "country_he": "פולין"},
  "Bodrum": {"he": "בודרום", "country": "Turkey", "country_he": "טורקיה"},
  "Burgas": {"he": "בורגס", "country": "Bulgaria", "country_he": "בולגריה"},
  "Timisoara": {"he": "טימישוארה", "country": "Romania", "country_he": "רומניה"},
  "Dubrovnik": {"he": "דוברובניק", "country": "Croatia", "country_he": "קרואטיה"},
  "Podgorica": {"he": "פודגוריצה", "country": "Montenegro", "country_he": "מונטנגרו"},
  "Nis": {"he": "ניש", "country": "Serbia", "country_he": "סרביה"},
  "Chicago O'Hare": {"he": "שיקגו אוהייר", "country": "United States", "country_he": "ארצות הברית"},
  "San Francisco": {"he": "סן פרנסיסקו", "country": "United States", "country_he": "ארצות הברית"},
  "Toulouse": {"he": "טולוז", "country": "France", "country_he": "צרפת"},
  "London Stansted": {"he": "לונדון","country": "England","country_he": "אנגליה"},
  "Stansted": {"he": "לונדון","country": "England","country_he": "אנגליה"},
  "Krasnodar": { "he": "קרסנודר", "country": "Russia", "country_he": "רוסיה" },
  "Kaunas": { "he": "קאונס", "country": "Lithuania", "country_he": "ליטא" },
"Mahé, Seychelles": { "he": "מהה (איי סיישל)", "country": "Seychelles", "country_he": "איי סיישל" },
"Mahe, Seychelles": { "he": "מהה (איי סיישל)", "country": "Seychelles", "country_he": "איי סיישל" },
"Mahé Seychelles": { "he": "מהה (איי סיישל)", "country": "Seychelles", "country_he": "איי סיישל" },
"Mahe Seychelles": { "he": "מהה (איי סיישל)", "country": "Seychelles", "country_he": "איי סיישל" },
"Mahé Island, Seychelles": { "he": "מהה (איי סיישל)", "country": "Seychelles", "country_he": "איי סיישל" },
"Mahe Island, Seychelles": { "he": "מהה (איי סיישל)", "country": "Seychelles", "country_he": "איי סיישל" },
"Mahé Island": { "he": "מהה (איי סיישל)", "country": "Seychelles", "country_he": "איי סיישל" },
"Mahe Island": { "he": "מהה (איי סיישל)", "country": "Seychelles", "country_he": "איי סיישל" },
"Mahe Island (Seychelles)": { "he": "מהה (איי סיישל)", "country": "Seychelles", "country_he": "איי סיישל" },
"Mahé Island (Seychelles)": { "he": "מהה (איי סיישל)", "country": "Seychelles", "country_he": "איי סיישל" },
"Mahe, SC": { "he": "מהה (איי סיישל)", "country": "Seychelles", "country_he": "איי סיישל" },
"Mahé, SC": { "he": "מהה (איי סיישל)", "country": "Seychelles", "country_he": "איי סיישל" },
"Victoria (Mahé)": { "he": "ויקטוריה (מהה, איי סיישל)", "country": "Seychelles", "country_he": "איי סיישל" },
"Victoria, Mahé": { "he": "ויקטוריה (מהה, איי סיישל)", "country": "Seychelles", "country_he": "איי סיישל" },
"Victoria, Seychelles": { "he": "ויקטוריה (איי סיישל)", "country": "Seychelles", "country_he": "איי סיישל" },
"Colombo": { "he": "קולומבו", "country": "Sri Lanka", "country_he": "סרי לנקה" },
"Grenoble": {"he": "גרנובל", "country": "France", "country_he": "צרפת"},
"Strasbourg": {"he": "שטרסבורג", "country": "France", "country_he": "צרפת"},
"Stuttgart": {"he": "שטוטגרט", "country": "Germany", "country_he": "גרמניה"},
"Kilimanjaro": {"he": "קילימנג'רו","country": "Tanzania","country_he": "טנזניה"},
"Eilat": {"he": "אילת","country": "Israel","country_he": "ישראל"},
"Bergamo": {"he": "ברגמו","country": "Italy","country_he": "איטליה"},
"Nevatim": {"he": "אילת","country": "Israel","country_he": "ישראל"},
"Fascene": {"he": "פסן", "country": "Madagascar","country_he": "מדגסקר"},
"Suceava": {"he": "סוצ'אבה","country": "Romania","country_he": "רומניה"},
  "Reykjavik": { "he": "רייקיאוויק", "country": "Iceland", "country_he": "איסלנד" },
  "Tallinn": { "he": "טאלין", "country": "Estonia", "country_he": "אסטוניה" },
  "Ljubljana": { "he": "ליובליאנה", "country": "Slovenia", "country_he": "סלובניה" },
  "Skopje": { "he": "סקופיה", "country": "North Macedonia", "country_he": "צפון מקדוניה" },
  "Bratislava": { "he": "ברטיסלבה", "country": "Slovakia", "country_he": "סלובקיה" },
  "Luxembourg": { "he": "לוקסמבורג", "country": "Luxembourg", "country_he": "לוקסמבורג" },
  "San Diego": { "he": "סן דייגו", "country": "United States", "country_he": "ארצות הברית" },
  "Seattle": { "he": "סיאטל", "country": "United States", "country_he": "ארצות הברית" },
  "Las Vegas": { "he": "לאס וגאס", "country": "United States", "country_he": "ארצות הברית" },
  "Dallas": { "he": "דאלאס", "country": "United States", "country_he": "ארצות הברית" },
  "Cancun": { "he": "קנקון", "country": "Mexico", "country_he": "מקסיקו" },
  "Havana": { "he": "הוואנה", "country": "Cuba", "country_he": "קובה" },
  "Lima": { "he": "לימה", "country": "Peru", "country_he": "פרו" },
  "Santiago": { "he": "סנטיאגו", "country": "Chile", "country_he": "צ׳ילה" },
  "Marrakesh": { "he": "מרקש", "country": "Morocco", "country_he": "מרוקו" },
  "Casablanca": { "he": "קזבלנקה", "country": "Morocco", "country_he": "מרוקו" },
  "Nairobi": { "he": "ניירובי", "country": "Kenya", "country_he": "קניה" },  
  "Hanoi": { "he": "האנוי", "country": "Vietnam", "country_he": "וייטנאם" },
  "Ho Chi Minh City": { "he": "הו צ'י מין סיטי", "country": "Vietnam", "country_he": "וייטנאם" },
  "Taipei": { "he": "טאיפיי", "country": "Taiwan", "country_he": "טאיוואן" },
  "Ulaanbaatar": { "he": "אולן בטור", "country": "Mongolia", "country_he": "מונגוליה" },
  "Perth": { "he": "'פרת", "country": "Australia", "country_he": "אוסטרליה" },
  "Brisbane": { "he": "בריסביין", "country": "Australia", "country_he": "אוסטרליה" },
  "Christchurch": { "he": "קרייסטצ'רץ'", "country": "New Zealand", "country_he": "ניו זילנד" },  
  "Brno": { "he": "ברנו", "country": "Czech Republic", "country_he": "צ׳כיה" },
  "Graz": { "he": "גראץ", "country": "Austria", "country_he": "אוסטריה" },
  "Innsbruck": { "he": "אינסברוק", "country": "Austria", "country_he": "אוסטריה" },
  "Split": { "he": "ספליט", "country": "Croatia", "country_he": "קרואטיה" },
  "Rennes": { "he": "רן", "country": "France", "country_he": "צרפת" },
  "Bilbao": { "he": "בילבאו", "country": "Spain", "country_he": "ספרד" },
  "Oviedo": { "he": "אוביידו", "country": "Spain", "country_he": "ספרד" },  
  "Austin": { "he": "אוסטין", "country": "United States", "country_he": "ארצות הברית" },
  "Denver": { "he": "דנבר", "country": "United States", "country_he": "ארצות הברית" },
  "Orlando": { "he": "אורלנדו", "country": "United States", "country_he": "ארצות הברית" },  
  "Panama City": { "he": "פנמה סיטי", "country": "Panama", "country_he": "פנמה" },
  "Medellin": { "he": "מדיין", "country": "Colombia", "country_he": "קולומביה" },  
  "Chiang Mai": { "he": "צ׳יאנג מאי", "country": "Thailand", "country_he": "תאילנד" },  
  "Manama": { "he": "מנאמה", "country": "Bahrain", "country_he": "בחריין" },
  "Muscat": { "he": "מוסקט", "country": "Oman", "country_he": "עומאן" },
  "Almaty": { "he": "אלמטי", "country": "Kazakhstan", "country_he": "קזחסטן" },
  "Vancouver": { "he": "ונקובר", "country": "Canada", "country_he": "קנדה" },
  "Calgary": { "he": "קלגרי", "country": "Canada", "country_he": "קנדה" },
  "Ottawa": { "he": "אוטווה", "country": "Canada", "country_he": "קנדה" },
  "Edmonton": { "he": "אדמונטון", "country": "Canada", "country_he": "קנדה" },
  "Mahé": {"he": "מאהה","country": "Seychelles","country_he": "איי סיישל"},
  "Seville": { "he": "סביליה", "country": "Spain", "country_he": "ספרד" },
  "Cordoba": { "he": "קורדובה", "country": "Spain", "country_he": "ספרד" },
  "Granada": { "he": "גרנדה", "country": "Spain", "country_he": "ספרד" },
  "Toledo": { "he": "טולדו", "country": "Spain", "country_he": "ספרד" },
  "Rotterdam": { "he": "רוטרדם", "country": "Netherlands", "country_he": "הולנד" },
  "Utrecht": { "he": "אוטרכט", "country": "Netherlands", "country_he": "הולנד" },
  "Groningen": { "he": "חרונינגן", "country": "Netherlands", "country_he": "הולנד" },
  "Basel": { "he": "באזל", "country": "Switzerland", "country_he": "שווייץ" },
  "Lausanne": { "he": "לוזאן", "country": "Switzerland", "country_he": "שווייץ" },
  "Bern": { "he": "ברן", "country": "Switzerland", "country_he": "שווייץ" },
  "Monaco": { "he": "מונקו", "country": "Monaco", "country_he": "מונקו" },
  "Andorra la Vella": { "he": "אנדורה לה וולה", "country": "Andorra", "country_he": "אנדורה" },
  "San Marino": { "he": "סן מרינו", "country": "San Marino", "country_he": "סן מרינו" },
  "Gothenburg": { "he": "גטבורג", "country": "Sweden", "country_he": "שוודיה" },
  "Malmo": { "he": "מאלמו", "country": "Sweden", "country_he": "שוודיה" },
  "Bergen": { "he": "ברגן", "country": "Norway", "country_he": "נורווגיה" },
  "Trondheim": { "he": "טרונדהיים", "country": "Norway", "country_he": "נורווגיה" },
  "Tampere": { "he": "טמפרה", "country": "Finland", "country_he": "פינלנד" },
  "Turku": { "he": "טורקו", "country": "Finland", "country_he": "פינלנד" },
  "Lille": { "he": "ליל", "country": "France", "country_he": "צרפת" },
  "Reims": { "he": "ריימס", "country": "France", "country_he": "צרפת" },
  "Dijon": { "he": "דיז'ון", "country": "France", "country_he": "צרפת" },
  "Pittsburgh": { "he": "פיטסבורג", "country": "United States", "country_he": "ארצות הברית" },
  "Cleveland": { "he": "קליבלנד", "country": "United States", "country_he": "ארצות הברית" },
  "Cincinnati": { "he": "סינסינטי", "country": "United States", "country_he": "ארצות הברית" },
  "St. Louis": { "he": "סנט לואיס", "country": "United States", "country_he": "ארצות הברית" },
  "Quebec City": { "he": "קוויבק סיטי", "country": "Canada", "country_he": "קנדה" },
  "Winnipeg": { "he": "ויניפג", "country": "Canada", "country_he": "קנדה" },
  "Saskatoon": { "he": "ססקאטון", "country": "Canada", "country_he": "קנדה" },
  "Fukuoka": { "he": "פוקואוקה", "country": "Japan", "country_he": "יפן" },
  "Sapporo": { "he": "סאפורו", "country": "Japan", "country_he": "יפן" },
  "Nagoya": { "he": "נגויה", "country": "Japan", "country_he": "יפן" },
  "Busan": { "he": "פוסאן", "country": "South Korea", "country_he": "קוריאה הדרומית" },
  "Daegu": { "he": "דאגו", "country": "South Korea", "country_he": "קוריאה הדרומית" },
  "Penang": { "he": "פננג", "country": "Malaysia", "country_he": "מלזיה" },
  "Langkawi": { "he": "לנגקאווי", "country": "Malaysia", "country_he": "מלזיה" },
  "Siem Reap": { "he": "סים ריפ", "country": "Cambodia", "country_he": "קמבודיה" },
  "Phnom Penh": { "he": "פנום פן", "country": "Cambodia", "country_he": "קמבודיה" },
  "Bali": { "he": "באלי", "country": "Indonesia", "country_he": "אינדונזיה" },
  "Surabaya": { "he": "סוראבאיה", "country": "Indonesia", "country_he": "אינדונזיה" },
  "La Paz": { "he": "לה פאס", "country": "Bolivia", "country_he": "בוליביה" },
  "Quito": { "he": "קיטו", "country": "Ecuador", "country_he": "אקוודור" },
  "Guayaquil": { "he": "גואיאקיל", "country": "Ecuador", "country_he": "אקוודור" },
  "Montevideo": { "he": "מונטווידאו", "country": "Uruguay", "country_he": "אורוגוואי" },  
  "Sejong": { "he": "סג׳ונג", "country": "South Korea", "country_he": "קוריאה הדרומית" },
  "Gyeongju": { "he": "קיונגג׳ו", "country": "South Korea", "country_he": "קוריאה הדרומית" },
  "Sendai": { "he": "סנדאי", "country": "Japan", "country_he": "יפן" },
  "Kagoshima": { "he": "קגושימה", "country": "Japan", "country_he": "יפן" },
  "Hakodate": { "he": "האקורדטה", "country": "Japan", "country_he": "יפן" },
  "Davao": { "he": "דבאו", "country": "Philippines", "country_he": "הפיליפינים" },
  "Cebu": { "he": "סבו", "country": "Philippines", "country_he": "הפיליפינים" },
  "Iloilo": { "he": "אילואילו", "country": "Philippines", "country_he": "הפיליפינים" },
  "Vientiane": { "he": "ויינטיאן", "country": "Laos", "country_he": "לאוס" },
  "Luang Prabang": { "he": "לואנג פראבאנג", "country": "Laos", "country_he": "לאוס" },
  "Yangon": { "he": "יאנגון", "country": "Myanmar", "country_he": "מיאנמר" },
  "Mandalay": { "he": "מנדליי", "country": "Myanmar", "country_he": "מיאנמר" },
  "Colmar": { "he": "קולמר", "country": "France", "country_he": "צרפת" },
  "Annecy": { "he": "אנסי", "country": "France", "country_he": "צרפת" },
  "Avignon": { "he": "אביניון", "country": "France", "country_he": "צרפת" },
  "Regensburg": { "he": "רגנסבורג", "country": "Germany", "country_he": "גרמניה" },
  "Heidelberg": { "he": "היידלברג", "country": "Germany", "country_he": "גרמניה" },
  "Freiburg": { "he": "פרייבורג", "country": "Germany", "country_he": "גרמניה" },
  "Bolzano": { "he": "בולצאנו", "country": "Italy", "country_he": "איטליה" },
  "Trento": { "he": "טרנטו", "country": "Italy", "country_he": "איטליה" },
  "Lecce": { "he": "לצ׳ה", "country": "Italy", "country_he": "איטליה" },
  "Ravenna": { "he": "רוונה", "country": "Italy", "country_he": "איטליה" },
  "Cuenca": { "he": "קואנקה", "country": "Spain", "country_he": "ספרד" },
  "Zaragoza": { "he": "סראגוסה", "country": "Spain", "country_he": "ספרד" },
  "Pamplona": { "he": "פמפלונה", "country": "Spain", "country_he": "ספרד" },
  "Aveiro": { "he": "אביירו", "country": "Portugal", "country_he": "פורטוגל" },
  "Braga": { "he": "בראגה", "country": "Portugal", "country_he": "פורטוגל" },
  "Plovdiv": { "he": "פלובדיב", "country": "Bulgaria", "country_he": "בולגריה" },
  "Ruse": { "he": "רוסה", "country": "Bulgaria", "country_he": "בולגריה" },
  "Constanta": { "he": "קונסטנצה", "country": "Romania", "country_he": "רומניה" },
  "Oradea": { "he": "אוראדיה", "country": "Romania", "country_he": "רומניה" },
  "Mostar": { "he": "מוסטר", "country": "Bosnia and Herzegovina", "country_he": "בוסניה והרצגובינה" },
  "Kotor": { "he": "קוטור", "country": "Montenegro", "country_he": "מונטנגרו" },
  "Puebla": { "he": "פואבלה", "country": "Mexico", "country_he": "מקסיקו" },
  "Merida": { "he": "מרידה", "country": "Mexico", "country_he": "מקסיקו" },
  "Rosario": { "he": "רוסריו", "country": "Argentina", "country_he": "ארגנטינה" },
  "Cordoba AR": { "he": "קורדובה", "country": "Argentina", "country_he": "ארגנטינה" },
  "Arequipa": { "he": "ארקיפה", "country": "Peru", "country_he": "פרו" },
  "Cusco": { "he": "קוסקו", "country": "Peru", "country_he": "פרו" },
  "Valparaiso": { "he": "ולפראיסו", "country": "Chile", "country_he": "צ׳ילה" },
  "Concepcion": { "he": "קונספסיון", "country": "Chile", "country_he": "צ׳ילה" },
  "Halifax": { "he": "הליפקס", "country": "Canada", "country_he": "קנדה" },
  "St. Johns": { "he": "סנט ג׳ונס", "country": "Canada", "country_he": "קנדה" },
  "Anchorage": { "he": "אנקורג׳", "country": "United States", "country_he": "ארצות הברית" },
  "Boise": { "he": "בוייזי", "country": "United States", "country_he": "ארצות הברית" },
  "Madison": { "he": "מדיסון", "country": "United States", "country_he": "ארצות הברית" },
  "Windhoek": { "he": "וינדהוק", "country": "Namibia", "country_he": "נמיביה" },
  "Gaborone": { "he": "גבורונה", "country": "Botswana", "country_he": "בוצואנה" },  
  "Kutaisi": { "he": "קוטאיסי", "country": "Georgia", "country_he": "גאורגיה" },
  "Menorca": {"he": "מנורקה","country": "Spain","country_he": "ספרד"},
  "Zanzibar City": {"he": "זנזיבר סיטי","country": "Tanzania","country_he": "טנזניה"},
  "Nosy Be": {"he": "נוסי בה", "country": "Madagascar", "country_he": "מדגסקר"},
  "New Delhi": {"he": "ניו דלהי","country": "India","country_he": "הודו"},
  "Minsk": {"he": "מינסק","country": "Belarus","country_he": "בלארוס"},
  "Errachidia": {"he": "א-רשידיה","country": "Morocco","country_he": "מרוקו"},  
  "Fes": { "he": "פס", "country": "Morocco", "country_he": "מרוקו" },
  "Tangier": { "he": "טנג׳יר", "country": "Morocco", "country_he": "מרוקו" },
  "Agadir": { "he": "אגאדיר", "country": "Morocco", "country_he": "מרוקו" },
  "Rabat": { "he": "רבאט", "country": "Morocco", "country_he": "מרוקו" },
  "Oujda": { "he": "אוג׳דה", "country": "Morocco", "country_he": "מרוקו" },
  "Nador": { "he": "נאדור", "country": "Morocco", "country_he": "מרוקו" },  
  "Aarhus": { "he": "ארהוס", "country": "Denmark", "country_he": "דנמרק" },  
  "Hobart": { "he": "הובארט", "country": "Australia", "country_he": "אוסטרליה" },  
  "Mazatlan": { "he": "מזטלן", "country": "Mexico", "country_he": "מקסיקו" },
  "Asuncion": { "he": "אסונסיון", "country": "Paraguay", "country_he": "פרגוואי" },
  "San Juan": { "he": "סן חואן", "country": "Puerto Rico", "country_he": "פוארטו ריקו" },  
  "Tegucigalpa": { "he": "טגוסיגלפה", "country": "Honduras", "country_he": "הונדורס" },  
  "Kingston": { "he": "קינגסטון", "country": "Jamaica", "country_he": "ג׳מייקה" },  
  "Cardiff": { "he": "קרדיף", "country": "England", "country_he": "אנגליה" },  
  "The Hague": { "he": "האג", "country": "Netherlands", "country_he": "הולנד" },
  "Palma de Mallorca": { "he": "פלמה דה מיורקה", "country": "Spain", "country_he": "ספרד" },  
  "Gran Canaria": { "he": "גרן קנריה", "country": "Spain", "country_he": "ספרד" },  
  "Odense": { "he": "אודנסה", "country": "Denmark", "country_he": "דנמרק" },  
  "Ubud": { "he": "אובוד", "country": "Indonesia", "country_he": "אינדונזיה" },  
  "Santo Domingo": { "he": "סנטו דומינגו", "country": "Dominican Republic", "country_he": "הרפובליקה הדומיניקנית" },
  "Port of Spain": { "he": "פורט אוף ספיין", "country": "Trinidad and Tobago", "country_he": "טרינידד וטובגו" },
  "San Jose": { "he": "סן חוסה", "country": "Costa Rica", "country_he": "קוסטה ריקה" },
  "Guatemala City": { "he": "גואטמלה סיטי", "country": "Guatemala", "country_he": "גואטמלה" },
  "San Salvador": { "he": "סן סלוודור", "country": "El Salvador", "country_he": "אל סלבדור" },  
  "Managua": { "he": "מנאגואה", "country": "Nicaragua", "country_he": "ניקרגואה" },
  "Ibiza": { "he": "איביזה", "country": "Spain", "country_he": "ספרד" },
  "Ajaccio": { "he": "אז׳אקסיו", "country": "France", "country_he": "צרפת" },
  "Cagliari": { "he": "קליארי", "country": "Italy", "country_he": "איטליה" },
  "Olbia": { "he": "אולביה", "country": "Italy", "country_he": "איטליה" },  
  "Curacao": { "he": "קוראסאו", "country": "Curacao", "country_he": "קוראסאו" },
  "Aruba": { "he": "ארובה", "country": "Aruba", "country_he": "ארובה" },
  "Mombasa": { "he": "מומבסה", "country": "Kenya", "country_he": "קניה" },
  "Dakar": { "he": "דקר", "country": "Senegal", "country_he": "סנגל" },
  "Accra": { "he": "אקרא", "country": "Ghana", "country_he": "גאנה" },
  "Lagos": { "he": "לאגוס", "country": "Nigeria", "country_he": "ניגריה" },
  "Kigali": { "he": "קיגאלי", "country": "Rwanda", "country_he": "רואנדה" },
  "Kuwait City": { "he": "כווית סיטי", "country": "Kuwait", "country_he": "כווית" },
  "Amman": { "he": "עמאן", "country": "Jordan", "country_he": "ירדן" },
  "Jeddah": { "he": "ג׳דה", "country": "Saudi Arabia", "country_he": "ערב הסעודית" },
  "Medina": { "he": "מדינה", "country": "Saudi Arabia", "country_he": "ערב הסעודית" },
  "Riyadh": { "he": "ריאד", "country": "Saudi Arabia", "country_he": "ערב הסעודית" },
  "Rovaniemi": {"he": "רובניימי","country": "Finland","country_he": "פינלנד"},
  "Rostov": {"he": "רוסטוב","country": "Russia","country_he": "רוסיה"},
  "Seoul": {"he": "סיאול", "country": "South Korea", "country_he": "דרום קוריאה"},
  "Manila": {"he": "מנילה", "country": "Philippines", "country_he": "הפיליפינים"},
  "Catania": {"he": "קטניה", "country": "Italy", "country_he": "איטליה"},  
  "Copenhagen": {"he": "קופנהגן", "country": "Denmark", "country_he": "דנמרק"},  
  "Zagreb": {"he": "זאגרב", "country": "Croatia", "country_he": "קרואטיה"},  
  "Linz": {"he": "לינץ", "country": "Austria", "country_he": "אוסטריה"},
  "Zadar": {"he": "זאדאר", "country": "Croatia", "country_he": "קרואטיה"},
  "Pula": {"he": "פולה", "country": "Croatia", "country_he": "קרואטיה"},
  "Biarritz": {"he": "ביאריץ", "country": "France", "country_he": "צרפת"},
  "Metz": {"he": "מץ", "country": "France", "country_he": "צרפת"},
  "Mulhouse": {"he": "מולהאוס", "country": "France", "country_he": "צרפת"},
  "Trieste": {"he": "טריאסטה", "country": "Italy", "country_he": "איטליה"},
  "Ancona": {"he": "אנקונה", "country": "Italy", "country_he": "איטליה"},
  "Siena": {"he": "סיינה", "country": "Italy", "country_he": "איטליה"},
  "Perugia": {"he": "פרוג׳ה", "country": "Italy", "country_he": "איטליה"},
  "Uppsala": {"he": "אופסלה", "country": "Sweden", "country_he": "שוודיה"},
  "Lund": {"he": "לונד", "country": "Sweden", "country_he": "שוודיה"},
  "Oulu": {"he": "אולו", "country": "Finland", "country_he": "פינלנד"},
  "Macau": {"he": "מקאו", "country": "China", "country_he": "סין"},
  "Kaohsiung": {"he": "קאושיונג", "country": "Taiwan", "country_he": "טאיוואן"},
  "Jeju": {"he": "ג׳ג׳ו", "country": "South Korea", "country_he": "דרום קוריאה"},
  "Bandung": {"he": "בנדונג", "country": "Indonesia", "country_he": "אינדונזיה"},
  "Yogyakarta": {"he": "יוגיאקרטה", "country": "Indonesia", "country_he": "אינדונזיה"},
  "Pokhara": {"he": "פוקרה", "country": "Nepal", "country_he": "נפאל"},
  "Kathmandu": {"he": "קטמנדו", "country": "Nepal", "country_he": "נפאל"},
  "Santa Cruz": {"he": "סנטה קרוז", "country": "Bolivia", "country_he": "בוליביה"},
  "Barranquilla": {"he": "ברנקייה", "country": "Colombia", "country_he": "קולומביה"},
  "Cartagena": {"he": "קרטחנה", "country": "Colombia", "country_he": "קולומביה"},
  "Tijuana": {"he": "טיחואנה", "country": "Mexico", "country_he": "מקסיקו"},
  "Monterrey": {"he": "מונטריי", "country": "Mexico", "country_he": "מקסיקו"},
  "Recife": {"he": "רסיפה", "country": "Brazil", "country_he": "ברזיל"},
  "Fortaleza": {"he": "פורטאלזה", "country": "Brazil", "country_he": "ברזיל"},
  "Dar es Salaam": {"he": "דאר א-סלאם", "country": "Tanzania", "country_he": "טנזניה"},
  "Lusaka": {"he": "לוסקה", "country": "Zambia", "country_he": "זמביה"},
  "Maputo": {"he": "מאפוטו", "country": "Mozambique", "country_he": "מוזמביק"},
  "Banjul": {"he": "בנג׳ול", "country": "Gambia", "country_he": "גמביה"},
  "Monrovia": {"he": "מונרוביה", "country": "Liberia", "country_he": "ליבריה"},
  "Bruges": {"he": "ברוז'", "country": "Belgium", "country_he": "בלגיה"},
  "Ghent": {"he": "גנט", "country": "Belgium", "country_he": "בלגיה"},
  "Versailles": {"he": "ורסאי", "country": "France", "country_he": "צרפת"},
  "Potsdam": {"he": "פוטסדאם", "country": "Germany", "country_he": "גרמניה"},
  "Funchal": {"he": "פונשל", "country": "Portugal", "country_he": "פורטוגל"},
  "Sorrento": {"he": "סורנטו", "country": "Italy", "country_he": "איטליה"},
  "Como": {"he": "קומו", "country": "Italy", "country_he": "איטליה"},
  "Lugano": {"he": "לוגאנו", "country": "Switzerland", "country_he": "שווייץ"},
  "Interlaken": {"he": "אינטרלאקן", "country": "Switzerland", "country_he": "שווייץ"},
  "Hallstatt": {"he": "האלשטאט", "country": "Austria", "country_he": "אוסטריה"},
  "Taormina": {"he": "טאורמינה", "country": "Italy", "country_he": "איטליה"},
  "Positano": {"he": "פוזיטאנו", "country": "Italy", "country_he": "איטליה"},
  "Hvar": {"he": "הוואר", "country": "Croatia", "country_he": "קרואטיה"},
  "Korcula": {"he": "קורצ׳ולה", "country": "Croatia", "country_he": "קרואטיה"},
  "Ohrid": {"he": "אוחריד", "country": "North Macedonia", "country_he": "צפון מקדוניה"},
  "Gozo": {"he": "גוזו", "country": "Malta", "country_he": "מלטה"},
  "Elounda": {"he": "אלונדה", "country": "Greece", "country_he": "יוון"},
  "Petra": {"he": "פטרה", "country": "Jordan", "country_he": "ירדן"},
  "Wadi Rum": {"he": "ואדי רם", "country": "Jordan", "country_he": "ירדן"},
  "Al Ula": {"he": "אל-עולא", "country": "Saudi Arabia", "country_he": "ערב הסעודית"},
  "Khasab": {"he": "ח׳סאב", "country": "Oman", "country_he": "עומאן"},
  "Hakone": {"he": "האקומה", "country": "Japan", "country_he": "יפן"},
  "Nara": {"he": "נארה", "country": "Japan", "country_he": "יפן"},
  "Uji": {"he": "אוג׳י", "country": "Japan", "country_he": "יפן"},
  "Hoi An": {"he": "הוי אן", "country": "Vietnam", "country_he": "וייטנאם"},
  "Da Nang": {"he": "דה נאנג", "country": "Vietnam", "country_he": "וייטנאם"},
  "Luoyang": {"he": "לויאנג", "country": "China", "country_he": "סין"},
  "Lijiang": {"he": "ליג׳יאנג", "country": "China", "country_he": "סין"},
  "Palo Alto": {"he": "פאלו אלטו", "country": "United States", "country_he": "ארצות הברית"},
  "Mountain View": {"he": "מאונטיין ויו", "country": "United States", "country_he": "ארצות הברית"},
  "Pasadena": {"he": "פסדינה", "country": "United States", "country_he": "ארצות הברית"},
  "Santa Monica": {"he": "סנטה מוניקה", "country": "United States", "country_he": "ארצות הברית"},
  "Mar del Plata": {"he": "מאר דל פלטה", "country": "Argentina", "country_he": "ארגנטינה"},
  "Livingstone": {"he": "ליווינגסטון", "country": "Zambia", "country_he": "זמביה"},
  "Victoria Falls": {"he": "מפלי ויקטוריה", "country": "Zimbabwe", "country_he": "זימבבואה"},
  "Stone Town": {"he": "סטון טאון", "country": "Tanzania", "country_he": "טנזניה"},
  "Essaouira": {"he": "אסווירה", "country": "Morocco", "country_he": "מרוקו"},
  "Sevastopol": {"he": "סבסטופול", "country": "Ukraine", "country_he": "אוקראינה"},
  "Bremen": {"he": "ברמן", "country": "Germany", "country_he": "גרמניה"},
  "Nuremberg": {"he": "נירנברג", "country": "Germany", "country_he": "גרמניה"},
  "Karlsruhe": {"he": "קרלסרוהה", "country": "Germany", "country_he": "גרמניה"},
  "Paderborn": {"he": "פאדרבורן", "country": "Germany", "country_he": "גרמניה"},
  "Belfast": {"he": "בלפסט", "country": "England", "country_he": "אנגליה"},  
  "Szczecin": {"he": "שצ׳צ׳ין", "country": "Poland", "country_he": "פולין"},
  "Wroclaw": {"he": "ורוצלב", "country": "Poland", "country_he": "פולין"},
  "Lodz": {"he": "לודז׳", "country": "Poland", "country_he": "פולין"},
  "Pleven": {"he": "פלבן", "country": "Bulgaria", "country_he": "בולגריה"},
  "Basra": {"he": "בצרה", "country": "Iraq", "country_he": "עיראק"},
  "Erbil": {"he": "ארביל", "country": "Iraq", "country_he": "עיראק"},
  "Sulaymaniyah": {"he": "סולימאניה", "country": "Iraq", "country_he": "עיראק"},
  "Najaf": {"he": "נג׳ף", "country": "Iraq", "country_he": "עיראק"},
  "Baghdad": {"he": "בגדד", "country": "Iraq", "country_he": "עיראק"},
  "Sharjah": {"he": "שארג׳ה", "country": "United Arab Emirates", "country_he": "איחוד האמירויות"},
  "Chongqing": {"he": "צ׳ונגצ׳ינג", "country": "China", "country_he": "סין"},
  "Xian": {"he": "שיאן", "country": "China", "country_he": "סין"},
  "Kunming": {"he": "קונמינג", "country": "China", "country_he": "סין"},
  "Urumqi": {"he": "אורומצ׳י", "country": "China", "country_he": "סין"},
  "Lahore": {"he": "לאהור", "country": "Pakistan", "country_he": "פקיסטן"},
  "Islamabad": {"he": "איסלאמאבאד", "country": "Pakistan", "country_he": "פקיסטן"},
  "Karachi": {"he": "קראצ׳י", "country": "Pakistan", "country_he": "פקיסטן"},
  "Dhaka": {"he": "דאקה", "country": "Bangladesh", "country_he": "בנגלדש"},
  "Phoenix": {"he": "פיניקס", "country": "United States", "country_he": "ארצות הברית"},
  "San Antonio": {"he": "סן אנטוניו", "country": "United States", "country_he": "ארצות הברית"},
  "Tampa": {"he": "טמפה", "country": "United States", "country_he": "ארצות הברית"},
  "Raleigh": {"he": "ראלי", "country": "United States", "country_he": "ארצות הברית"},
  "Charlotte": {"he": "שרלוט", "country": "United States", "country_he": "ארצות הברית"},
  "Belo Horizonte": {"he": "בלו הוריזונטה", "country": "Brazil", "country_he": "ברזיל"},
  "Porto Alegre": {"he": "פורטו אלגרה", "country": "Brazil", "country_he": "ברזיל"},
  "San Pedro Sula": {"he": "סן פדרו סולה", "country": "Honduras", "country_he": "הונדורס"},
  "Abuja": {"he": "אבוג׳ה", "country": "Nigeria", "country_he": "ניגריה"},
  "Ibadan": {"he": "איבאדן", "country": "Nigeria", "country_he": "ניגריה"},
  "Entebbe": {"he": "אנטבה", "country": "Uganda", "country_he": "אוגנדה"},
  "Jinja": {"he": "ג׳ינג׳ה", "country": "Uganda", "country_he": "אוגנדה"},
  "Blantyre": {"he": "בלנטייר", "country": "Malawi", "country_he": "מלאווי"},  
  "Tromso": {"he": "טרומסה", "country": "Norway", "country_he": "נורווגיה"},
  "Reus": {"he": "ראוס", "country": "Spain", "country_he": "ספרד"},
  "Faro": {"he": "פארו", "country": "Portugal", "country_he": "פורטוגל"},
  "Pescara": {"he": "פסקארה", "country": "Italy", "country_he": "איטליה"},
  "Alghero": {"he": "אלגרו", "country": "Italy", "country_he": "איטליה"},
  "Bastia": {"he": "בסטיה", "country": "France", "country_he": "צרפת"},
  "Clermont-Ferrand": {"he": "קלרמון-פראן", "country": "France", "country_he": "צרפת"},
  "Rijeka": {"he": "רייקה", "country": "Croatia", "country_he": "קרואטיה"},
  "Bangalore": {"he": "בנגלור", "country": "India", "country_he": "הודו"},
  "Chennai": {"he": "צ׳נאי", "country": "India", "country_he": "הודו"},
  "Hyderabad": {"he": "היידראבאד", "country": "India", "country_he": "הודו"},
  "Ahmedabad": {"he": "אחמדאבאד", "country": "India", "country_he": "הודו"},
  "Guangzhou": {"he": "גואנגג׳ואו", "country": "China", "country_he": "סין"},
  "Hangzhou": {"he": "האנגג׳ואו", "country": "China", "country_he": "סין"},
  "Chengdu": {"he": "צ׳נגדו", "country": "China", "country_he": "סין"},
  "Phu Quoc": {"he": "פו קואוק", "country": "Vietnam", "country_he": "וייטנאם"},
  "Koh Samui": {"he": "קוסמוי", "country": "Thailand", "country_he": "תאילנד"},
  "Minneapolis": {"he": "מיניאפוליס", "country": "United States", "country_he": "ארצות הברית"},
  "Detroit": {"he": "דטרויט", "country": "United States", "country_he": "ארצות הברית"},
  "Columbus": {"he": "קולומבוס", "country": "United States", "country_he": "ארצות הברית"},
  "Nashville": {"he": "נאשוויל", "country": "United States", "country_he": "ארצות הברית"},
  "Kansas City": {"he": "קנזס סיטי", "country": "United States", "country_he": "ארצות הברית"},
  "Guadalajara": {"he": "גואדלחרה", "country": "Mexico", "country_he": "מקסיקו"},
  "Leon": {"he": "לאון", "country": "Mexico", "country_he": "מקסיקו"},
  "Santa Marta": {"he": "סנטה מרתה", "country": "Colombia", "country_he": "קולומביה"},
  "Salvador": {"he": "סלבדור", "country": "Brazil", "country_he": "ברזיל"},
  "Hurghada": {"he": "הורגדה", "country": "Egypt", "country_he": "מצרים"},
  "Sharm El Sheikh": {"he": "שארם א-שייח׳", "country": "Egypt", "country_he": "מצרים"},
  "Alexandria": {"he": "אלכסנדריה", "country": "Egypt", "country_he": "מצרים"},
  "Kampala": {"he": "קמפלה", "country": "Uganda", "country_he": "אוגנדה"},
  "Lilongwe": {"he": "לילונגווה", "country": "Malawi", "country_he": "מלאווי"},
  "Reggio Calabria": {"he": "רג׳ו קלבריה", "country": "Italy", "country_he": "איטליה"},
  "Lamezia Terme": {"he": "למציה טרמה", "country": "Italy", "country_he": "איטליה"},
  "Crotone": {"he": "קרוטונה", "country": "Italy", "country_he": "איטליה"},
  "Brindisi": {"he": "ברינדיזי", "country": "Italy", "country_he": "איטליה"},
  "Santorini": {"he": "סנטוריני", "country": "Greece", "country_he": "יוון"},
  "Mykonos": {"he": "מיקונוס", "country": "Greece", "country_he": "יוון"},
  "Rhodes": {"he": "רודוס", "country": "Greece", "country_he": "יוון"},
  "Paros": {"he": "פארוס", "country": "Greece", "country_he": "יוון"},
  "Bodø": {"he": "בודה", "country": "Norway", "country_he": "נורווגיה"},
  "Kiruna": {"he": "קירונה", "country": "Sweden", "country_he": "שוודיה"},
  "Ivalo": {"he": "איבאלו", "country": "Finland", "country_he": "פינלנד"},
  "Keflavik": {"he": "קפלאוויק", "country": "Iceland", "country_he": "איסלנד"},
  "Sanya": {"he": "סניה", "country": "China", "country_he": "סין"},
  "Xiamen": {"he": "שיאמן", "country": "China", "country_he": "סין"},
  "Nanjing": {"he": "נאנג׳ינג", "country": "China", "country_he": "סין"},
  "Wuhan": {"he": "ווהאן", "country": "China", "country_he": "סין"},
  "Pattaya": {"he": "פטאיה", "country": "Thailand", "country_he": "תאילנד"},
  "Krabi": {"he": "קראבי", "country": "Thailand", "country_he": "תאילנד"},
  "Male": {"he": "מאלה", "country": "Maldives", "country_he": "האיים המלדיביים"},
  "Colombo Ratmalana": {"he": "קולומבו רטמלנה", "country": "Sri Lanka", "country_he": "סרי לנקה"},
  "San Jose CA": {"he": "סן חוזה", "country": "United States", "country_he": "ארצות הברית"},
  "Oakland": {"he": "אוקלנד", "country": "United States", "country_he": "ארצות הברית"},
  "Burbank": {"he": "ברבנק", "country": "United States", "country_he": "ארצות הברית"},
  "Sacramento": {"he": "סקרמנטו", "country": "United States", "country_he": "ארצות הברית"},
  "Providence": {"he": "פרובידנס", "country": "United States", "country_he": "ארצות הברית"},
  "Buffalo": {"he": "באפלו", "country": "United States", "country_he": "ארצות הברית"},
  "San Luis Potosi": {"he": "סן לואיס פוטוסי", "country": "Mexico", "country_he": "מקסיקו"},
  "Cozumel": {"he": "קוזומל", "country": "Mexico", "country_he": "מקסיקו"},
  "Luxor": {"he": "לוקסור", "country": "Egypt", "country_he": "מצרים"},
  "Aswan": {"he": "אסואן", "country": "Egypt", "country_he": "מצרים"},
  "Salalah": {"he": "סלאלה", "country": "Oman", "country_he": "עומאן"},
  "Sohar": {"he": "סוהאר", "country": "Oman", "country_he": "עומאן"},
  "Taif": {"he": "טאיף", "country": "Saudi Arabia", "country_he": "ערב הסעודית"},
  "Tabuk": {"he": "טבוק", "country": "Saudi Arabia", "country_he": "ערב הסעודית"},
  "Santa Cruz de Tenerife": {"he": "סנטה קרוס דה טנריפה","country": "Spain","country_he": "ספרד"},  
  "Craiova": {"he": "קריובה","country": "Romania","country_he": "רומניה"},
  "Nottingham": {"he": "נוטינגהאם","country": "England","country_he": "אנגליה"},
  "Birmingham": {"he": "ברמינגהאם","country": "England","country_he": "אנגליה"},
  "Manchester": {"he": "מנצ׳סטר","country": "England","country_he": "אנגליה"},
  "Liverpool": {"he": "ליברפול","country": "England","country_he": "אנגליה"},
  "Leeds": {"he": "לידס","country": "England","country_he": "אנגליה"},
  "Sheffield": {"he": "שפילד","country": "England","country_he": "אנגליה"},
  "Leicester": {"he": "לסטר","country": "England","country_he": "אנגליה"},
  "Coventry": {"he": "קובנטרי","country": "England","country_he": "אנגליה"},
  "Derby": {"he": "דרבי","country": "England","country_he": "אנגליה"},
  "York": {"he": "יורק","country": "England","country_he": "אנגליה"},
  "Cambridge": {"he": "קיימברידג׳","country": "England","country_he": "אנגליה"},
  "Oxford": {"he": "אוקספורד","country": "England","country_he": "אנגליה"},
  "Brighton": {"he": "ברייטון","country": "England","country_he": "אנגליה"},
  "Bristol": {"he": "בריסטול","country": "England","country_he": "אנגליה"},
  "Bath": {"he": "באת׳","country": "England","country_he": "אנגליה"},
  "Exeter": {"he": "אקסטר","country": "England","country_he": "אנגליה"},
  "Plymouth": {"he": "פלימות׳","country": "England","country_he": "אנגליה"},
  "Southampton": {"he": "סאות׳המפטון","country": "England","country_he": "אנגליה"},
  "Portsmouth": {"he": "פורטסמות׳","country": "England","country_he": "אנגליה"},
  "Reading": {"he": "רדינג","country": "England","country_he": "אנגליה"},
  "Milton Keynes": {"he": "מילטון קינס","country": "England","country_he": "אנגליה"},
  "Luton": {"he": "לוטון","country": "England","country_he": "אנגליה"},
  "Slough": {"he": "סלאו","country": "England","country_he": "אנגליה"},
  "Watford": {"he": "ווטפורד","country": "England","country_he": "אנגליה"},
  "Hemel Hempstead": {"he": "המל המפסטד","country": "England","country_he": "אנגליה"},
  "Hounslow": {"he": "האונסלו","country": "England","country_he": "אנגליה"},
  "Croydon": {"he": "קרוידון","country": "England","country_he": "אנגליה"},
  "Ilford": {"he": "אילפורד","country": "England","country_he": "אנגליה"},
  "Harrow": {"he": "הארו","country": "England","country_he": "אנגליה"},
  "Ealing": {"he": "אילינג","country": "England","country_he": "אנגליה"},
  "Wembley": {"he": "וומבלי","country": "England","country_he": "אנגליה"},
  "Kingston upon Thames": {"he": "קינגסטון על התמזה","country": "England","country_he": "אנגליה"},
  "Edinburgh": {"he": "אדינבורו","country": "Scotland","country_he": "סקוטלנד"},
  "Glasgow": {"he": "גלזגו","country": "Scotland","country_he": "סקוטלנד"},
  "Aberdeen": {"he": "אברדין","country": "Scotland","country_he": "סקוטלנד"},
  "Dundee": {"he": "דנדי","country": "Scotland","country_he": "סקוטלנד"},
  "Inverness": {"he": "אינברנס","country": "Scotland","country_he": "סקוטלנד"},  
  "Stirling": {"he": "סטירלינג","country": "Scotland","country_he": "סקוטלנד"},
  "Falkirk": {"he": "פולקרק","country": "Scotland","country_he": "סקוטלנד"},
  "Dunfermline": {"he": "דנפרמלין","country": "Scotland","country_he": "סקוטלנד"},
  "Paisley": {"he": "פייזלי","country": "Scotland","country_he": "סקוטלנד"},
  "Hamilton": {"he": "המילטון","country": "Scotland","country_he": "סקוטלנד"},
  "East Kilbride": {"he": "איסט קילברייד","country": "Scotland","country_he": "סקוטלנד"},
  "Livingston": {"he": "ליווינגסטון","country": "Scotland","country_he": "סקוטלנד"},
  "Kirkcaldy": {"he": "קירקלדי","country": "Scotland","country_he": "סקוטלנד"},
  "Ayr": {"he": "אייר","country": "Scotland","country_he": "סקוטלנד"},
  "Oban": {"he": "אובן","country": "Scotland","country_he": "סקוטלנד"},
  "Fort William": {"he": "פורט ויליאם","country": "Scotland","country_he": "סקוטלנד"},
  "Elgin": {"he": "אלגין","country": "Scotland","country_he": "סקוטלנד"},
  "St Andrews": {"he": "סנט אנדרוז","country": "Scotland","country_he": "סקוטלנד"},
  "Motherwell": {"he": "מאדרוול","country": "Scotland","country_he": "סקוטלנד"},
  "Sevilla": {"he": "סביליה","country": "Spain","country_he": "ספרד"},
  "Murcia": {"he": "מורסיה","country": "Spain","country_he": "ספרד"},
  "Almeria": {"he": "אלמריה","country": "Spain","country_he": "ספרד"},
  "Jerez de la Frontera": {"he": "חרס דה לה פרונטרה","country": "Spain","country_he": "ספרד"},
  "San Sebastian": {"he": "סן סבסטיאן","country": "Spain","country_he": "ספרד"},
  "Valladolid": {"he": "ויאדוליד","country": "Spain","country_he": "ספרד"},
  "Coimbra": {"he": "קוימברה","country": "Portugal","country_he": "פורטוגל"},
  "Guimaraes": {"he": "גימראייש","country": "Portugal","country_he": "פורטוגל"},
  "Viseu": {"he": "ויזאו","country": "Portugal","country_he": "פורטוגל"},
  "Bonn": {"he": "בון","country": "Germany","country_he": "גרמניה"},
  "Wiesbaden": {"he": "ויסבאדן","country": "Germany","country_he": "גרמניה"},
  "Augsburg": {"he": "אוגסבורג","country": "Germany","country_he": "גרמניה"},
  "Ulm": {"he": "אולם","country": "Germany","country_he": "גרמניה"},
  "Weimar": {"he": "ויימאר","country": "Germany","country_he": "גרמניה"},
  "Reggio Emilia": {"he": "רג׳ו אמיליה","country": "Italy","country_he": "איטליה"},
  "Modena": {"he": "מודנה","country": "Italy","country_he": "איטליה"},
  "Arezzo": {"he": "ארצו","country": "Italy","country_he": "איטליה"},
  "Lucca": {"he": "לוקה","country": "Italy","country_he": "איטליה"},
  "Matera": {"he": "מטרה","country": "Italy","country_he": "איטליה"},
  "Trapani": {"he": "טראפאני","country": "Italy","country_he": "איטליה"},  
  "Tours": {"he": "טור","country": "France","country_he": "צרפת"},
  "Angers": {"he": "אנז׳ה","country": "France","country_he": "צרפת"},
  "Poitiers": {"he": "פואטייה","country": "France","country_he": "צרפת"},
  "Bayonne": {"he": "ביון","country": "France","country_he": "צרפת"},  
  "Leuven": {"he": "לוון","country": "Belgium","country_he": "בלגיה"},
  "Namur": {"he": "נאמור","country": "Belgium","country_he": "בלגיה"},  
  "Leiden": {"he": "ליידן","country": "Netherlands","country_he": "הולנד"},
  "Haarlem": {"he": "הארלם","country": "Netherlands","country_he": "הולנד"},
  "Genoa": {"he": "גנואה","country": "Italy","country_he": "איטליה"},  
  "Olomouc": {"he": "אולומוץ","country": "Czech Republic","country_he": "צ׳כיה"},
  "Plzen": {"he": "פלזן","country": "Czech Republic","country_he": "צ׳כיה"},
  "Sibiu": {"he": "סיביו","country": "Romania","country_he": "רומניה"},
  "Brasov": {"he": "בראשוב","country": "Romania","country_he": "רומניה"},
  "Alba Iulia": {"he": "אלבה יוליה","country": "Romania","country_he": "רומניה"},
  "Cluj-Napoca": {"he": "קלוז'-נאפוקה","country": "Romania","country_he": "רומניה"},
  "Veliko Tarnovo": {"he": "וליקו טרנובו","country": "Bulgaria","country_he": "בולגריה"},  
  "Koper": {"he": "קופר","country": "Slovenia","country_he": "סלובניה"},
  "Piran": {"he": "פיראן","country": "Slovenia","country_he": "סלובניה"},
  "Szeged": {"he": "סגד","country": "Hungary","country_he": "הונגריה"},
  "Eger": {"he": "אגר","country": "Hungary","country_he": "הונגריה"},
  "Klaipeda": {"he": "קלייפדה","country": "Lithuania","country_he": "ליטא"},
  "Tartu": {"he": "טרטו","country": "Estonia","country_he": "אסטוניה"},
  "Alesund": {"he": "אולסונד","country": "Norway","country_he": "נורווגיה"},
  "Stavanger": {"he": "סטוונגר","country": "Norway","country_he": "נורווגיה"},
  "Umea": {"he": "אומאו","country": "Sweden","country_he": "שוודיה"},
  "Linkoping": {"he": "לינשופינג","country": "Sweden","country_he": "שוודיה"},
  "Osijek": {"he": "אוסייק","country": "Croatia","country_he": "קרואטיה"},
  "Karlovac": {"he": "קרלובאץ","country": "Croatia","country_he": "קרואטיה"},
  "Sibenik": {"he": "שיבניק","country": "Croatia","country_he": "קרואטיה"},
  "Maribor": {"he": "מריבור","country": "Slovenia","country_he": "סלובניה"},
  "Celje": {"he": "צליה","country": "Slovenia","country_he": "סלובניה"},
  "Kosice": {"he": "קושיצה","country": "Slovakia","country_he": "סלובקיה"},
  "Presov": {"he": "פרשוב","country": "Slovakia","country_he": "סלובקיה"},
  "Bydgoszcz": {"he": "בידגושץ׳","country": "Poland","country_he": "פולין"},  
  "Rzeszow": {"he": "ז׳שוב","country": "Poland","country_he": "פולין"},
  "Debrecen": {"he": "דברצן","country": "Hungary","country_he": "הונגריה"},
  "Miskolc": {"he": "מישקולץ","country": "Hungary","country_he": "הונגריה"},
  "Satu Mare": {"he": "סאטו מארה","country": "Romania","country_he": "רומניה"},
  "Bacau": {"he": "בקאו","country": "Romania","country_he": "רומניה"},
  "Pitesti": {"he": "פיטשטי","country": "Romania","country_he": "רומניה"},
  "Bitola": {"he": "ביטולה","country": "North Macedonia","country_he": "צפון מקדוניה"},
  "Tetovo": {"he": "טטובו","country": "North Macedonia","country_he": "צפון מקדוניה"},
  "Berat": {"he": "בראט","country": "Albania","country_he": "אלבניה"},
  "Gjirokaster": {"he": "ג׳ירוקסטרה","country": "Albania","country_he": "אלבניה"},
  "Cetinje": {"he": "צטיניה","country": "Montenegro","country_he": "מונטנגרו"},
  "Pljevlja": {"he": "פלייבליה","country": "Montenegro","country_he": "מונטנגרו"},
  "Toulon": {"he": "טולון","country": "France","country_he": "צרפת"},
  "Perpignan": {"he": "פרפיניאן","country": "France","country_he": "צרפת"},
  "Besancon": {"he": "בזנסון","country": "France","country_he": "צרפת"},
  "Kassel": {"he": "קאסל","country": "Germany","country_he": "גרמניה"},
  "Erfurt": {"he": "ארפורט","country": "Germany","country_he": "גרמניה"},
  "Jena": {"he": "יינה","country": "Germany","country_he": "גרמניה"},
  "Albacete": {"he": "אלבסטה","country": "Spain","country_he": "ספרד"},
  "Lleida": {"he": "ליידה","country": "Spain","country_he": "ספרד"},
  "Huelva": {"he": "וולבה","country": "Spain","country_he": "ספרד"},
  "Setubal": {"he": "סטובל","country": "Portugal","country_he": "פורטוגל"},
  "Covilha": {"he": "קובילה","country": "Portugal","country_he": "פורטוגל"},
  "Vaasa": {"he": "ואסה","country": "Finland","country_he": "פינלנד"},
  "Eskilstuna": {"he": "אסקלסטונה","country": "Sweden","country_he": "שוודיה"},
  "Sundsvall": {"he": "סונדסוואל","country": "Sweden","country_he": "שוודיה"},
  "Kristiansand": {"he": "קריסטיאנסנד","country": "Norway","country_he": "נורווגיה"},
  "Haugesund": {"he": "האוגסונד","country": "Norway","country_he": "נורווגיה"},
  "Vaduz": {"he": "ואדוץ","country": "Liechtenstein","country_he": "ליכטנשטיין"},
  "Dover, Delaware": {"he": "דובר, דלאוור","country": "United States","country_he": "ארצות הברית"},
  "Vitoria": {"he": "ויטוריה", "country": "Spain", "country_he": "ספרד"}
}
